timestamp,cpu_usage,ram_usage,disk_usage,process_count,new_processes,terminated_processes,login_success,login_failed,logoff_events,file_created,file_modified,file_deleted,file_renamed
2026-09-22T00:05:08.121905,99.6,90.4,55.9,240,0,0,38,0,12,1,0,0,0
2026-09-22T00:05:13.717647,99.6,90.4,55.9,240,0,0,0,0,0,0,0,0,0
2026-09-22T00:05:19.904685,99.6,90.4,55.9,240,0,0,0,0,0,0,0,0,0
2026-09-22T00:05:25.475390,99.6,90.4,55.9,240,0,0,0,0,0,0,0,0,0
2026-09-22T00:05:31.399236,99.6,90.4,55.9,240,0,0,0,0,0,0,0,0,0
2026-09-22T00:05:38.200634,99.6,90.4,55.9,240,0,0,0,0,0,0,0,0,0
2026-09-22T00:05:43.531487,99.6,90.4,55.9,240,0,0,0,0,0,0,0,0,0
2026-09-22T00:05:49.704483,99.6,90.4,55.9,240,0,0,0,0,0,0,0,0,0
2026-09-22T00:05:55.082516,99.6,90.4,55.9,240,0,0,0,0,0,0,0,0,0
2026-09-22T00:06:00.536713,99.6,90.4,55.9,240,0,0,0,0,0,0,0,0,0
2026-09-22T00:06:06.021832,99.6,90.4,55.9,240,0,0,0,0,0,0,0,0,0
2026-09-22T00:06:11.484218,99.6,90.4,55.9,240,0,0,0,0,0,0,0,0,0
2026-09-22T00:06:16.824265,99.6,90.4,55.9,240,0,0,0,0,0,0,0,0,0
2026-09-22T00:06:25.659286,99.6,90.4,55.9,240,0,0,38,0,12,1,0,0,0
2026-09-22T00:06:30.961767,99.6,90.4,55.9,240,0,0,0,0,0,0,0,0,0
2026-09-22T00:06:36.413177,99.6,90.4,55.9,240,0,0,0,0,0,0,0,0,0
2026-09-22T00:06:41.853301,99.6,90.4,55.9,240,0,0,0,0,0,0,0,0,0
2026-09-22T00:06:47.409142,99.6,90.4,55.9,240,0,0,0,0,0,0,0,0,0
2026-09-22T00:06:52.727924,99.6,90.4,55.9,240,0,0,0,0,0,0,0,0,0
2026-09-22T00:06:58.141762,99.6,90.4,55.9,240,0,0,0,0,0,0,0,0,0
2026-09-22T00:07:03.426498,99.6,90.4,55.9,240,0,0,0,0,0,0,0,0,0
2026-09-22T00:07:08.842739,99.6,90.4,55.9,240,0,0,0,0,0,0,0,0,0
2026-09-22T00:07:14.141222,99.6,90.4,55.9,240,0,0,0,0,0,0,0,0,0
2026-09-22T00:07:20.046939,99.6,90.4,55.9,240,0,0,0,0,0,0,0,0,0
2026-09-22T00:07:25.279312,76.7,90.6,55.9,247,0,0,0,0,0,0,0,0,0
2026-09-22T00:07:31.143052,76.7,90.6,55.9,247,0,0,0,0,0,0,0,0,0
2026-09-22T00:07:36.508961,46.5,91.4,55.9,247,0,0,0,0,0,0,0,0,0
2026-09-22T00:07:41.852243,81.9,90.9,55.9,247,0,0,0,0,0,0,0,0,0
2026-09-22T00:07:47.194038,22.1,91.0,55.9,247,0,0,0,0,0,0,0,0,0
2026-09-22T00:07:52.559029,22.1,91.0,55.9,247,0,0,0,0,0,0,0,0,0
2026-09-22T00:07:57.861984,40.0,90.9,55.9,247,0,0,0,0,0,0,0,0,0
2026-09-22T00:08:03.116736,28.0,90.2,55.9,247,0,0,0,0,0,0,0,0,0
2026-09-22T00:08:08.551711,50.8,90.8,55.9,248,0,0,0,0,0,0,0,0,0
2026-09-22T00:08:13.889723,50.8,90.8,55.9,248,0,0,0,0,0,0,0,0,0
2026-09-22T00:08:19.220361,26.2,87.6,55.9,254,0,0,0,0,0,0,0,0,0
2026-09-22T00:08:24.477399,61.5,89.0,55.9,254,0,0,0,0,0,0,0,0,0
2026-09-22T00:08:29.783114,16.8,89.0,55.9,246,0,0,0,0,0,0,0,0,0
2026-09-22T00:08:35.144663,16.8,89.0,55.9,246,0,0,0,0,0,0,0,0,0
2026-09-22T00:11:31.572827,21.0,90.9,55.9,242,0,0,38,0,12,1,0,0,0
2026-09-22T00:11:37.197819,83.5,91.2,55.9,244,0,0,0,0,0,0,0,0,0
2026-09-22T00:11:42.803538,40.9,90.9,55.9,244,0,0,0,0,0,0,0,0,0
2026-09-22T00:11:48.131351,23.6,90.5,55.9,244,0,0,0,0,0,0,0,0,0
2026-09-22T00:11:53.407476,23.6,90.5,55.9,244,0,0,0,0,0,0,0,0,0
2026-09-22T00:11:58.705365,15.2,91.0,55.9,244,0,0,0,0,0,0,0,0,0
2026-09-22T00:12:04.013586,44.2,90.6,55.9,244,0,0,0,0,0,0,0,0,0
2026-09-22T00:12:09.351093,15.3,91.3,55.9,244,0,0,0,0,0,0,0,0,0
2026-09-22T00:12:15.680922,15.3,91.3,55.9,244,0,0,0,0,0,0,0,0,0
2026-09-22T00:12:21.148010,93.9,91.6,55.9,243,0,0,0,0,0,0,0,0,0
2026-09-22T00:12:26.906357,69.2,91.1,55.9,243,0,0,0,0,0,0,0,0,0
2026-09-22T00:12:32.341689,22.1,91.4,55.9,243,0,0,0,0,0,0,0,0,0
2026-09-22T00:12:37.757016,22.1,91.4,55.9,243,0,0,0,0,0,0,0,0,0
2026-09-22T00:12:43.178714,59.7,90.2,55.9,246,0,0,0,0,0,0,0,0,0
2026-09-22T00:12:48.694767,33.6,89.6,55.9,242,0,0,0,0,0,0,0,0,0
2026-09-22T00:12:54.059612,31.2,89.5,55.9,242,0,0,0,0,0,0,0,0,0
2026-09-22T00:12:59.455587,8.2,88.2,55.9,242,0,0,0,0,0,0,0,0,0
2026-09-22T00:13:05.147844,8.2,88.2,55.9,242,0,0,1,0,0,0,0,0,0
2026-09-22T00:13:10.585441,88.8,88.2,55.9,245,0,0,0,0,0,0,0,0,0
2026-09-22T00:13:15.964593,12.5,89.2,55.9,245,0,0,0,0,0,0,0,0,0
2026-09-22T00:13:21.348012,49.0,89.3,55.9,245,0,0,0,0,0,0,0,0,0
2026-09-22T00:13:26.675158,49.0,89.3,55.9,245,0,0,0,0,0,0,0,0,0
2026-09-22T00:13:31.949868,38.8,90.3,55.9,245,0,0,0,0,0,0,0,0,0
2026-09-22T00:13:37.484898,48.2,90.5,55.9,245,0,0,0,0,0,0,0,0,0
2026-09-22T00:13:42.726798,32.2,91.3,55.9,245,0,0,0,0,0,0,0,0,0
2026-09-22T00:13:48.070727,23.6,90.8,55.9,245,0,0,0,0,0,0,0,0,0
2026-09-22T00:13:53.895386,23.6,90.8,55.9,245,0,0,0,0,0,0,0,0,0
2026-09-22T00:14:00.019609,67.9,92.2,55.9,246,0,0,0,0,0,0,0,0,0
2026-09-22T00:16:32.381107,29.2,89.8,55.9,241,0,0,38,0,12,1,0,0,0
2026-09-22T00:16:37.655828,96.1,90.8,55.9,243,0,0,0,0,0,0,0,0,0
2026-09-22T00:16:43.463467,40.2,91.1,55.9,243,0,0,0,0,0,0,0,0,0
2026-09-22T00:16:48.776771,19.0,91.0,55.9,243,0,0,0,0,0,0,0,0,0
2026-09-22T00:16:54.065759,12.6,89.5,55.9,243,0,0,0,0,0,0,0,0,0
2026-09-22T00:16:59.367934,12.6,89.5,55.9,243,0,0,0,0,0,0,0,0,0
2026-09-22T00:17:04.809542,36.2,88.5,55.9,243,0,0,0,0,0,0,0,0,0
2026-09-22T00:17:10.154024,14.8,90.0,55.9,243,0,0,0,0,0,0,0,0,0
2026-09-22T00:17:15.594962,27.7,89.4,55.9,243,0,0,0,0,0,0,0,0,0
2026-09-22T00:17:20.896212,36.5,87.0,55.9,243,0,0,0,0,0,0,0,0,0
2026-09-22T00:17:26.240157,36.5,87.0,55.9,243,0,0,0,0,0,0,0,0,0
2026-09-22T00:17:31.881161,16.3,88.1,55.9,243,0,0,0,0,0,0,0,0,0
2026-09-22T00:17:37.241663,61.5,90.9,55.9,244,0,0,0,0,0,0,0,0,0
2026-09-22T00:17:43.048223,78.5,91.3,55.9,244,0,0,0,0,0,0,0,0,0
2026-09-22T00:17:48.296359,78.5,91.3,55.9,244,0,0,0,0,0,0,0,0,0
2026-09-22T00:17:53.548510,9.3,85.6,55.9,244,0,0,0,0,0,0,0,0,0
2026-09-22T00:17:58.753798,19.8,84.6,55.9,244,0,0,0,0,0,0,0,0,0
2026-09-22T00:18:04.006872,24.8,87.6,55.9,244,0,0,0,0,0,0,0,0,0
2026-09-22T00:18:09.287109,24.8,87.6,55.9,244,0,0,0,0,0,0,0,0,0
2026-09-22T00:18:14.570836,24.2,88.9,55.9,244,0,0,0,0,0,0,0,0,0
2026-09-22T00:18:19.837131,23.0,89.4,55.9,244,0,0,0,0,0,0,0,0,0
2026-09-22T00:18:25.304957,9.0,88.7,55.9,244,0,0,0,0,0,0,0,0,0
2026-09-22T00:18:30.639947,13.2,89.9,55.9,243,0,0,0,0,0,0,0,0,0
2026-09-22T00:18:35.978659,13.2,89.9,55.9,243,0,0,0,0,0,0,0,0,0
2026-09-22T00:18:41.444158,52.1,90.2,55.9,243,0,0,1,0,0,0,0,0,0
2026-09-22T00:18:46.883582,93.1,92.6,55.9,247,0,0,0,0,0,0,0,0,0
2026-09-22T00:18:52.332945,96.9,94.3,55.9,249,0,0,0,0,0,0,0,0,0
2026-09-22T00:18:57.755750,40.5,91.0,55.9,255,0,0,0,0,0,0,0,0,0
2026-09-22T00:19:03.513147,40.5,91.0,55.9,255,0,0,0,0,0,0,0,0,0
2026-09-22T00:19:08.967910,95.6,91.8,55.9,253,0,0,0,0,0,0,0,0,0
2026-09-22T00:19:14.494143,82.8,92.7,55.9,245,0,0,0,0,0,0,0,0,0
2026-09-22T00:19:19.776108,33.0,94.1,55.9,245,0,0,0,0,0,0,0,0,0
2026-09-22T00:19:25.143952,14.0,92.9,55.9,245,0,0,0,0,0,0,0,0,0
2026-09-22T00:19:30.422246,14.0,92.9,55.9,245,0,0,0,0,0,0,0,0,0
2026-09-22T00:19:36.144098,28.2,94.0,55.9,247,0,0,0,0,0,0,0,0,0
2026-09-22T00:19:41.660871,49.6,91.1,55.9,247,0,0,0,0,0,0,0,0,0
2026-09-22T00:19:47.268614,37.6,91.7,55.9,246,0,0,0,0,0,0,0,0,0
2026-09-22T00:19:52.567442,37.6,91.7,55.9,246,0,0,0,0,0,0,0,0,0
2026-09-22T00:19:58.153074,35.9,91.9,55.9,246,0,0,0,0,0,0,0,0,0
2026-09-22T00:20:04.259395,57.5,86.9,55.9,245,0,0,0,0,0,0,0,0,0
2026-09-22T00:20:09.732694,19.2,82.1,55.9,245,0,0,0,0,0,0,0,0,0
2026-09-22T00:20:15.378928,19.2,82.1,55.9,245,0,0,0,0,0,0,0,0,0
2026-09-22T00:20:21.056047,66.7,87.7,55.9,245,0,0,0,0,0,0,0,0,0
2026-09-22T00:20:26.818154,61.9,89.9,55.9,245,0,0,0,0,0,0,0,0,0
2026-09-22T00:20:32.703357,80.8,89.5,55.9,245,0,0,0,0,0,0,0,0,0
2026-09-22T00:20:38.793074,80.8,89.5,55.9,245,0,0,0,0,0,0,0,0,0
2026-09-22T00:20:44.709759,45.0,89.7,55.9,245,0,0,0,0,0,0,0,0,0
2026-09-22T00:20:50.050340,55.1,89.3,55.9,245,0,0,0,0,0,0,0,0,0
2026-09-22T00:20:55.318032,21.8,89.0,55.9,245,0,0,0,0,0,0,0,0,0
2026-09-22T00:21:00.636526,7.4,89.3,55.9,245,0,0,0,0,0,0,0,0,0
2026-09-22T00:21:05.856129,92.2,89.8,55.9,245,0,0,0,0,0,0,0,0,0
2026-09-22T00:21:11.236090,92.2,89.8,55.9,245,0,0,0,0,0,0,0,0,0
2026-09-22T00:21:16.522990,28.6,86.9,55.9,245,0,0,0,0,0,0,0,0,0
2026-09-22T00:21:21.812655,20.2,86.6,55.9,245,0,0,0,0,0,0,0,0,0
2026-09-22T00:21:27.062768,16.4,86.6,55.9,245,0,0,0,0,0,0,0,0,0
2026-09-22T00:21:32.323484,16.4,86.6,55.9,245,0,0,0,0,0,0,0,0,0
2026-09-22T00:21:37.571177,22.4,86.7,55.9,245,0,0,0,0,0,0,0,0,0
2026-09-22T00:21:43.041465,34.5,87.0,55.9,245,0,0,0,0,0,0,0,0,0
2026-09-22T00:21:48.821879,31.3,87.5,55.9,245,0,0,0,0,0,0,0,0,0
2026-09-22T00:21:54.255423,50.4,89.4,55.9,245,0,0,0,0,0,0,0,0,0
2026-09-22T00:21:59.648244,50.4,89.4,55.9,245,0,0,0,0,0,0,0,0,0
2026-09-22T00:22:04.939066,23.5,89.2,55.9,245,0,0,0,0,0,0,0,0,0
2026-09-22T00:22:10.831256,64.6,89.5,55.9,245,0,0,0,0,0,0,0,0,0
2026-09-22T00:22:16.858863,23.2,89.7,55.9,245,0,0,0,0,0,0,0,0,0
2026-09-22T00:22:22.215631,8.9,89.7,55.9,245,0,0,0,0,0,0,0,0,0
2026-09-22T00:22:27.499371,16.3,89.6,55.9,245,0,0,0,0,0,0,0,0,0
2026-09-22T00:22:32.797874,16.3,89.6,55.9,245,0,0,0,0,0,0,0,0,0
2026-09-22T00:22:38.394446,36.7,89.9,55.9,245,0,0,0,0,0,0,0,0,0
2026-09-22T00:22:44.666807,31.6,91.6,55.9,245,0,0,0,0,0,0,0,0,0
2026-09-22T00:22:50.729939,46.2,94.1,55.9,248,0,0,0,0,0,0,0,0,0
2026-09-22T00:22:56.833508,100.0,96.4,55.9,249,0,0,1,0,0,0,0,0,0
2026-09-22T03:23:06.612456,100.0,96.4,55.9,249,0,0,1,0,0,0,0,0,0
2026-09-22T06:23:17.143083,39.8,95.6,55.9,250,0,0,0,0,0,0,0,0,0
2026-09-22T06:23:25.612671,89.1,93.3,55.9,266,0,0,0,0,0,0,0,0,0
2026-09-22T06:23:31.484261,89.1,93.3,55.9,266,0,0,0,0,0,0,0,0,0
2026-09-22T08:54:24.262213,61.1,95.3,55.9,263,0,0,1,0,0,0,0,0,0
2026-09-22T08:54:35.152514,61.1,95.3,55.9,263,0,0,0,0,0,0,0,0,0
2026-09-22T08:54:42.002801,85.8,95.0,55.9,271,0,0,0,0,0,0,0,0,0
2026-09-22T08:54:48.051410,85.8,95.0,55.9,271,0,0,0,0,0,0,0,0,0
2026-09-22T08:54:53.814688,99.6,98.2,55.9,276,0,0,0,0,0,0,0,0,0
2026-09-22T08:54:59.356685,87.4,99.5,55.9,270,0,0,0,0,0,0,0,0,0
2026-09-22T08:55:05.006774,87.4,99.5,55.9,270,0,0,0,0,0,0,0,0,0
2026-09-22T08:55:10.478833,59.1,95.3,55.9,262,0,0,0,0,0,0,0,0,0
2026-09-22T08:55:15.811551,57.1,95.3,55.9,259,0,0,0,0,0,0,0,0,0
2026-09-22T08:55:21.147196,55.0,98.2,55.9,256,0,0,0,0,0,0,0,0,0
2026-09-22T08:55:26.784495,55.0,98.2,55.9,256,0,0,0,0,0,0,0,0,0
2026-09-22T08:55:32.778778,100.0,92.9,55.9,256,0,0,1,0,0,0,0,0,0
2026-09-22T08:55:38.234760,46.7,93.6,55.9,253,0,0,0,0,0,0,0,0,0
2026-09-22T08:55:43.641134,50.2,91.8,55.9,255,0,0,0,0,0,0,0,0,0
2026-09-22T08:55:49.005905,21.2,93.8,55.9,256,0,0,0,0,0,0,0,0,0
2026-09-22T08:55:54.399810,21.2,93.8,55.9,256,0,0,0,0,0,0,0,0,0
2026-09-22T08:55:59.856392,55.4,93.0,55.9,255,0,0,0,0,0,0,0,0,0
2026-09-22T08:56:06.151595,12.6,91.4,55.9,250,0,0,0,0,0,0,0,0,0
2026-09-22T08:56:11.474402,12.6,91.4,55.9,250,0,0,0,0,0,0,0,0,0
2026-09-22T08:56:16.893799,31.3,92.3,55.9,250,0,0,0,0,0,0,0,0,0
2026-09-22T08:56:22.285878,53.3,91.7,55.9,250,0,0,0,0,0,0,0,0,0
2026-09-22T08:56:27.731922,18.3,92.3,55.9,250,0,0,0,0,0,0,0,0,0
2026-09-22T08:56:33.270536,18.3,92.3,55.9,250,0,0,0,0,0,0,0,0,0
2026-09-22T08:56:38.758499,94.4,93.3,55.9,248,0,0,0,0,0,0,0,0,0
2026-09-22T08:56:44.131760,4.7,89.1,55.9,247,0,0,0,0,0,0,0,0,0
2026-09-22T08:56:50.003749,21.7,88.8,55.9,245,0,0,0,0,0,0,0,0,0
2026-09-22T08:56:55.552086,21.7,88.8,55.9,245,0,0,0,0,0,0,0,0,0
2026-09-22T08:57:00.986033,16.2,87.2,55.9,248,0,0,0,0,0,0,0,0,0
2026-09-22T08:57:06.437369,16.2,87.2,55.9,248,0,0,0,0,0,0,0,0,0
2026-09-22T08:57:11.996395,21.3,88.0,55.9,248,0,0,0,0,0,0,0,0,0
2026-09-22T08:57:17.561201,43.6,86.8,55.9,249,0,0,0,0,0,0,0,0,0
2026-09-22T08:57:22.994440,40.7,87.1,55.9,250,0,0,0,0,0,0,0,0,0
2026-09-22T08:57:28.553640,18.6,87.4,55.9,248,0,0,0,0,0,0,0,0,0
2026-09-22T08:57:33.932178,18.6,87.4,55.9,248,0,0,0,0,0,0,0,0,0
2026-09-22T08:57:39.567684,19.1,87.9,55.9,248,0,0,1,0,0,0,0,0,0
2026-09-22T08:57:44.996667,46.8,90.2,55.9,249,0,0,0,0,0,0,0,0,0
2026-09-22T08:57:50.294737,29.9,89.0,55.9,249,0,0,0,1,0,0,0,0,0
2026-09-22T08:57:56.105760,29.9,89.0,55.9,249,0,0,0,0,0,0,0,0,0
2026-09-22T08:58:01.611144,98.3,90.4,55.9,249,0,0,4,0,4,0,0,0,0
2026-09-22T08:58:07.507311,12.4,90.7,55.9,248,0,0,0,0,0,0,0,0,0
2026-09-22T08:58:12.870620,11.2,90.8,55.9,248,0,0,0,0,0,0,0,0,0
2026-09-22T08:58:18.118472,11.2,90.8,55.9,248,0,0,0,0,0,0,0,0,0
2026-09-22T08:58:23.427110,35.9,89.8,55.9,247,0,0,0,0,0,0,0,0,0
2026-09-22T08:58:28.744760,61.7,90.9,55.9,248,0,0,0,0,0,0,0,0,0
2026-09-22T08:58:34.252869,49.2,88.9,55.9,248,0,0,0,0,0,0,0,0,0
2026-09-22T08:58:41.221628,89.2,94.2,55.9,247,0,0,0,0,0,0,0,0,0
2026-09-22T08:58:47.169480,89.2,94.2,55.9,247,0,0,0,0,0,0,0,0,0
2026-09-22T08:58:52.597955,41.7,93.5,55.9,245,0,0,0,0,0,0,0,0,0
2026-09-22T08:58:58.667415,78.5,94.5,55.9,248,0,0,0,0,0,0,0,0,0
2026-09-22T08:59:04.216411,40.5,94.1,55.9,253,0,0,0,0,0,0,0,0,0
2026-09-22T08:59:09.652959,40.5,94.1,55.9,253,0,0,0,0,0,0,0,0,0
2026-09-22T08:59:15.441066,34.3,92.0,55.9,253,0,0,0,0,0,0,0,0,0
2026-09-22T08:59:20.863328,59.4,93.7,55.9,263,0,0,0,0,0,0,0,0,0
2026-09-22T08:59:26.349415,51.9,92.0,55.9,260,0,0,0,0,0,0,0,0,0
2026-09-22T08:59:31.763118,78.0,90.6,55.9,259,0,0,0,0,0,0,0,0,0
2026-09-22T08:59:37.163278,78.0,90.6,55.9,259,0,0,0,0,0,0,0,0,0
2026-09-22T08:59:42.574838,77.5,91.2,55.9,251,0,0,0,0,0,0,0,0,0
2026-09-22T10:08:02.992286,89.3,89.1,55.9,243,2149,1908,40,1,9,1,0,0,0
2026-09-22T10:08:08.348054,89.3,89.1,55.9,243,0,1,0,0,0,0,0,0,0
2026-09-22T10:08:14.178786,54.7,90.7,55.9,246,2,0,0,0,0,0,0,0,0
2026-09-22T10:08:19.762125,40.2,91.6,55.9,247,1,0,0,0,0,0,0,0,0
2026-09-22T10:08:25.518651,40.2,91.6,55.9,247,0,2,0,0,0,0,0,0,0
2026-09-22T10:08:30.957107,49.6,91.4,55.9,247,0,0,0,0,0,0,0,0,0
2026-09-22T10:08:36.603205,80.4,89.0,55.9,243,0,5,0,0,0,0,0,0,0
2026-09-22T10:08:43.002733,89.5,91.1,55.9,243,0,0,0,0,0,0,0,0,0
2026-09-22T10:08:48.632918,44.3,91.5,55.9,244,0,0,0,0,0,0,0,0,0
2026-09-22T10:08:54.101893,44.3,91.5,55.9,244,0,0,0,0,0,0,0,0,0
2026-09-22T10:08:59.497266,71.3,91.8,55.9,244,0,0,0,0,0,0,0,0,0
2026-09-22T10:09:04.797781,49.2,90.9,55.9,243,0,1,0,0,0,0,0,0,0
2026-09-22T10:09:10.285868,50.4,92.2,55.9,244,1,0,0,0,0,0,0,0,0
2026-09-22T10:09:15.694943,50.4,92.2,55.9,244,0,0,0,0,0,0,0,0,0
2026-09-22T10:09:22.332001,47.3,89.6,55.9,244,0,0,0,0,0,0,0,0,0
2026-09-22T10:09:28.444710,30.1,89.7,55.9,243,0,1,0,0,0,0,0,0,0
2026-09-22T10:09:34.147211,34.1,90.7,55.9,244,0,0,0,0,0,0,0,0,0
2026-09-22T10:09:39.513455,42.2,91.8,55.9,244,0,0,0,0,0,0,0,0,0
2026-09-22T10:09:45.758420,18.7,92.1,55.9,244,0,0,0,0,0,0,0,0,0
2026-09-22T10:09:51.140328,25.5,89.1,55.9,244,0,0,0,0,0,0,0,0,0
2026-09-22T10:09:57.296051,25.5,89.1,55.9,244,0,0,0,0,0,0,0,0,0
2026-09-22T10:10:02.630887,34.5,89.1,55.9,245,0,0,0,0,0,0,0,0,0
2026-09-22T10:10:08.111551,23.3,88.8,55.9,245,0,0,0,0,0,0,0,0,0
2026-09-22T10:10:13.431658,28.7,89.5,55.9,244,0,2,0,0,0,0,0,0,0
2026-09-22T10:10:18.719474,28.7,89.5,55.9,244,0,0,0,0,0,0,0,0,0
2026-09-22T10:10:24.167565,31.1,89.8,55.9,244,0,0,0,0,0,0,0,0,0
2026-09-22T10:10:29.776543,49.6,90.6,55.9,244,0,0,0,0,0,0,0,0,0
2026-09-22T10:10:35.010674,41.2,90.6,55.9,244,0,0,0,0,0,0,0,0,0
2026-09-22T10:10:41.962583,13.4,90.6,55.9,244,1,0,0,0,0,0,0,0,0
2026-09-22T10:10:47.373999,13.4,90.6,55.9,244,0,1,0,0,0,0,0,0,0
2026-09-22T10:10:53.030187,37.7,85.9,55.9,244,0,0,0,0,0,0,0,0,0
2026-09-22T10:10:58.488935,36.3,85.7,55.9,244,0,0,0,0,0,0,0,0,0
2026-09-22T10:11:04.032845,34.4,85.5,55.9,245,1,0,0,0,0,0,0,0,0
2026-09-22T10:11:09.423318,41.2,86.1,55.9,245,1,1,0,0,0,0,0,0,0
2026-09-22T10:11:14.853036,41.2,86.1,55.9,245,0,0,0,0,0,0,0,0,0
2026-09-22T10:11:20.320564,29.6,86.4,55.9,245,0,0,0,0,0,0,0,0,0
2026-09-22T10:11:25.679685,65.1,87.5,55.9,245,0,0,0,0,0,0,0,0,0
2026-09-22T10:11:31.452075,35.8,88.2,55.9,245,0,0,0,0,0,0,0,0,0
2026-09-22T10:11:36.906512,100.0,91.7,55.9,248,1,0,1,0,0,0,0,0,0
2026-09-22T10:11:42.222026,100.0,91.7,55.9,248,0,0,2,0,0,0,0,0,0
2026-09-22T10:11:47.509865,35.9,92.3,55.9,251,3,2,0,0,0,0,0,0,0
2026-09-22T10:11:52.922549,38.0,91.0,55.9,252,0,0,0,0,0,0,0,0,0
2026-09-22T10:16:22.215472,100.0,92.3,55.9,252,0,0,0,0,0,0,0,0,0
2026-09-22T10:16:32.118253,100.0,92.3,55.9,252,0,0,1,0,0,0,0,0,0
2026-09-22T10:16:38.539589,100.0,90.7,55.9,263,1,0,1,0,0,0,0,0,0
2026-09-22T10:16:44.507758,100.0,90.7,55.9,263,3,3,2,0,0,0,0,0,0
2026-09-22T10:16:50.570604,100.0,90.7,55.9,263,0,0,0,0,0,0,0,0,0
2026-09-22T10:16:56.483201,99.3,94.7,55.9,262,1,5,0,0,0,0,0,0,0
2026-09-22T10:17:02.312057,99.3,94.7,55.9,262,0,0,2,0,4,0,0,0,0
2026-09-22T10:17:08.640655,100.0,94.3,55.9,263,3,2,1,0,0,0,0,0,0
2026-09-22T10:17:14.496592,91.9,94.8,55.9,263,0,1,0,0,0,0,0,0,0
2026-09-22T10:17:20.034199,91.9,92.8,55.9,263,0,1,0,0,0,0,0,0,0
2026-09-22T10:17:25.429610,63.7,92.5,55.9,262,0,0,0,0,0,0,0,0,0
2026-09-22T10:17:30.992350,63.7,92.5,55.9,262,0,1,0,0,0,0,0,0,0
2026-09-22T10:17:36.377893,54.6,92.8,55.9,263,1,0,0,0,0,0,0,0,0
2026-09-22T10:17:41.800501,3.1,90.6,55.9,262,0,1,0,0,0,0,0,0,0
2026-09-22T10:17:47.126235,34.4,91.2,55.9,259,1,0,0,0,0,0,0,0,0
2026-09-22T10:17:52.728182,34.4,91.2,55.9,259,0,4,0,0,0,0,0,0,0
2026-09-22T10:17:58.167102,50.2,92.1,55.9,258,0,1,0,0,0,0,0,0,0
2026-09-22T10:18:03.514503,33.2,89.5,55.9,259,1,0,0,0,0,0,0,0,0
2026-09-22T10:18:09.177236,21.6,90.4,55.9,257,0,2,0,0,0,0,0,0,0
2026-09-22T10:18:14.709044,18.9,92.4,55.9,257,0,0,0,0,0,0,0,0,0
2026-09-22T10:18:20.030783,18.9,92.4,55.9,257,0,0,0,0,0,0,0,0,0
2026-09-22T10:18:25.462014,34.0,91.9,55.9,257,0,1,0,0,0,0,0,0,0
2026-09-22T10:18:30.829317,27.1,92.5,55.9,261,1,0,0,0,0,0,0,0,0
2026-09-22T10:18:36.184073,45.4,93.3,55.9,259,0,0,0,0,0,0,0,0,0
2026-09-22T10:18:41.559725,45.4,93.3,55.9,259,0,2,0,0,0,0,0,0,0
2026-09-22T10:18:46.866091,29.3,92.8,55.9,253,1,7,0,0,0,0,0,0,0
2026-09-22T10:18:52.286390,21.9,91.6,55.9,251,0,3,0,0,0,0,0,0,0
2026-09-22T10:18:58.060448,19.1,91.7,55.9,251,0,0,0,0,0,0,0,0,0
2026-09-22T10:19:03.506964,19.1,91.7,55.9,251,0,0,0,0,0,0,0,0,0
2026-09-22T10:19:09.189271,62.0,88.9,55.9,251,0,0,0,0,0,0,0,0,0
2026-09-22T10:19:14.659300,28.8,90.0,55.9,250,0,2,0,0,0,0,0,0,0
2026-09-22T10:19:20.533399,53.5,90.5,55.9,249,0,0,0,0,0,0,0,0,0
2026-09-22T10:19:26.917627,53.5,90.5,55.9,249,0,1,0,0,0,0,0,0,0
2026-09-22T10:19:32.499088,99.3,92.7,55.9,252,1,0,0,0,0,0,0,0,0
2026-09-22T10:19:37.873589,59.5,89.8,55.9,253,0,0,0,0,0,0,0,0,0
2026-09-22T10:19:43.313233,17.5,90.7,55.9,252,0,0,0,0,0,0,0,0,0
2026-09-22T10:19:48.955251,17.5,90.7,55.9,252,0,1,0,0,0,0,0,0,0
2026-09-22T10:19:54.305938,29.1,90.7,55.9,252,0,0,0,0,0,0,0,0,0
2026-09-22T10:19:59.685372,31.1,90.0,55.9,252,0,0,0,0,0,0,0,0,0
2026-09-22T10:20:05.141251,19.2,90.1,55.9,251,0,1,0,0,0,0,0,0,0
2026-09-22T10:20:11.295389,19.2,90.1,55.9,251,0,0,0,0,0,0,0,0,0
2026-09-22T10:20:16.695079,34.5,78.5,55.9,251,0,0,0,0,0,0,0,0,0
2026-09-22T10:20:22.505309,49.6,78.6,55.9,251,0,0,0,0,0,0,0,0,0
2026-09-22T10:20:27.964237,57.1,87.0,55.9,252,0,0,0,0,0,0,0,0,0
2026-09-22T10:20:33.281771,55.3,87.6,55.9,252,0,0,0,0,0,0,0,0,0
2026-09-22T10:20:38.658486,55.3,87.6,55.9,252,0,0,0,0,0,0,0,0,0
2026-09-22T10:20:43.953881,22.7,86.1,55.9,250,0,2,0,0,0,0,0,0,0
2026-09-22T10:20:49.231851,22.8,86.5,55.9,250,0,0,0,0,0,0,0,0,0
2026-09-22T10:20:54.723640,22.8,86.5,55.9,250,0,0,0,0,0,0,0,0,0
2026-09-22T10:21:00.063331,23.5,87.8,55.9,250,0,0,0,0,0,0,0,0,0
2026-09-22T10:21:05.358857,34.5,87.2,55.9,249,0,1,0,0,0,0,0,0,0
2026-09-22T10:21:10.705559,13.1,88.9,55.9,249,0,1,0,0,0,0,0,0,0
2026-09-22T10:21:16.408375,30.9,87.8,55.9,249,0,0,0,0,0,0,0,0,0
2026-09-22T10:21:21.981859,30.9,87.8,55.9,249,0,0,0,0,0,0,0,0,0
2026-09-22T10:21:27.973004,24.2,88.2,55.9,252,1,0,2,0,0,0,0,0,0
2026-09-22T10:21:33.629252,53.4,89.7,55.9,253,1,0,0,0,0,0,0,0,0
2026-09-22T10:21:38.941470,13.3,89.7,55.9,253,0,2,0,0,0,0,0,0,0
2026-09-22T10:21:45.022638,16.5,89.8,55.9,252,0,1,0,0,0,0,0,0,0
2026-09-22T10:21:50.765330,22.5,90.5,55.9,252,0,0,0,0,0,0,0,0,0
2026-09-22T10:21:56.375869,22.5,90.5,55.9,252,0,0,0,0,0,0,0,0,0
2026-09-22T10:22:01.826256,59.8,87.2,55.9,252,0,0,0,0,0,0,0,0,0
2026-09-22T10:22:07.128805,30.9,88.3,55.9,252,0,0,0,0,0,0,0,0,0
2026-09-22T10:22:12.655863,33.1,89.4,55.9,252,0,0,0,0,0,0,0,0,0
2026-09-22T10:22:18.214924,70.1,92.1,55.9,253,0,0,0,0,0,0,0,0,0
2026-09-22T10:22:23.633367,70.1,92.1,55.9,253,0,2,0,0,0,0,0,0,0
2026-09-22T10:22:29.013933,28.7,90.0,55.9,252,0,1,0,0,0,0,0,0,0
2026-09-22T10:22:34.392187,40.9,90.3,55.9,252,0,0,0,0,0,0,0,0,0
2026-09-22T10:22:39.693305,20.6,90.1,55.9,252,0,0,0,0,0,0,0,0,0
2026-09-22T10:22:45.051879,20.6,90.1,55.9,252,0,0,0,0,0,0,0,0,0
2026-09-22T10:22:50.383109,28.1,90.0,55.9,252,1,1,0,0,0,0,0,0,0
2026-09-22T10:22:55.713107,15.6,88.7,55.9,251,0,1,0,0,0,0,0,0,0
2026-09-22T10:23:01.116699,53.1,89.4,55.9,251,0,0,0,0,0,0,0,0,0
2026-09-22T10:23:06.650407,53.1,89.4,55.9,251,1,2,0,0,0,0,0,0,0
2026-09-22T10:23:12.010333,29.9,90.9,55.9,252,1,0,1,0,0,0,0,0,0
2026-09-22T10:23:17.367349,31.1,91.4,55.9,252,0,0,0,0,0,0,0,0,0
2026-09-22T10:23:22.822030,18.7,92.8,55.9,250,0,2,0,0,0,0,0,0,0
2026-09-22T10:23:28.491301,18.7,92.8,55.9,250,0,0,0,0,0,0,0,0,0
2026-09-22T10:23:33.996899,25.3,91.4,55.9,250,0,0,0,0,0,0,0,0,0
2026-09-22T10:23:39.306731,15.4,90.4,55.9,248,0,3,0,0,0,0,0,0,0
2026-09-22T10:23:44.643540,10.9,90.4,55.9,248,0,0,0,0,0,0,0,0,0
2026-09-22T10:23:50.078266,22.3,90.5,55.9,248,0,0,0,0,0,0,0,0,0
2026-09-22T10:23:55.363503,22.3,90.5,55.9,248,0,0,0,0,0,0,0,0,0
2026-09-22T10:24:00.780646,29.5,90.9,55.9,248,0,0,0,0,0,0,0,0,0
2026-09-22T10:24:06.103421,15.7,91.0,55.9,248,0,1,0,0,0,0,0,0,0
2026-09-22T10:24:11.405983,19.9,91.0,55.9,248,0,0,0,0,0,0,0,0,0
2026-09-22T10:24:16.781771,18.6,92.3,55.9,248,0,0,0,0,0,0,0,0,0
2026-09-22T10:24:22.169777,18.6,92.3,55.9,248,0,0,0,0,0,0,0,0,0
2026-09-22T10:24:27.500649,38.1,88.5,55.9,246,0,2,0,0,0,0,0,0,0
2026-09-22T10:24:32.836115,23.7,89.5,55.9,246,0,0,0,0,0,0,0,0,0
2026-09-22T10:24:38.577377,17.6,89.6,55.9,246,1,0,0,0,0,0,0,0,0
2026-09-22T10:24:43.858795,17.6,89.6,55.9,246,0,1,0,0,0,0,0,0,0
2026-09-22T10:24:49.205205,30.5,89.8,55.9,246,0,0,0,0,0,0,0,0,0
2026-09-22T10:24:55.012150,36.2,90.0,55.9,246,0,0,0,0,0,0,0,0,0
2026-09-22T10:25:00.738162,20.5,89.9,55.9,246,0,0,0,0,0,0,0,0,0
2026-09-22T10:25:07.142325,12.2,90.0,55.9,246,0,1,0,0,0,0,0,0,0
2026-09-22T10:25:12.475351,29.7,82.1,55.9,246,0,0,0,0,0,0,0,0,0
2026-09-22T10:25:17.963734,29.7,82.1,55.9,246,0,0,0,0,0,0,0,0,0
2026-09-22T10:25:23.328817,41.4,82.6,55.9,246,0,0,0,0,0,0,0,0,0
2026-09-22T10:25:28.633559,34.8,86.0,55.9,246,0,0,0,0,0,0,0,0,0
2026-09-22T10:25:34.001844,15.6,85.5,55.9,246,0,1,0,0,0,0,0,0,0
2026-09-22T10:25:39.318796,27.7,84.8,55.9,246,0,0,0,0,0,0,0,0,0
2026-09-22T10:25:44.633354,27.7,84.8,55.9,246,0,0,0,0,0,0,0,0,0
2026-09-22T10:25:49.999536,39.9,86.2,55.9,249,1,0,0,0,0,0,0,0,0
2026-09-22T10:25:55.468261,65.0,88.7,55.9,251,3,1,0,0,0,0,0,0,0
2026-09-22T10:26:00.928465,29.9,89.8,55.9,251,0,0,0,0,0,0,0,0,0
2026-09-22T10:26:06.249812,29.9,89.8,55.9,251,0,1,0,0,0,0,0,0,0
2026-09-22T10:26:11.625643,12.8,90.2,55.9,251,1,1,0,0,0,0,0,0,0
2026-09-22T10:26:17.260821,28.1,90.5,55.9,252,0,0,0,0,0,0,0,0,0
2026-09-22T10:26:22.715529,30.8,89.0,55.9,254,1,1,0,0,0,0,0,0,0
2026-09-22T10:26:28.972358,30.8,89.0,55.9,254,0,0,0,0,0,0,0,0,0
2026-09-22T10:26:35.557162,99.7,91.5,55.9,251,0,3,0,0,0,0,0,0,0
2026-09-22T10:26:40.869922,36.2,90.7,55.9,249,0,3,0,0,0,0,0,0,0
2026-09-22T10:26:46.383739,50.8,90.9,55.9,250,1,0,0,0,0,0,0,0,0
2026-09-22T10:26:52.597393,21.4,88.0,55.9,249,0,1,0,0,0,0,0,0,0
2026-09-22T10:26:58.033075,20.2,91.0,55.9,249,0,0,0,0,0,0,0,0,0
2026-09-22T10:27:03.593964,20.2,91.0,55.9,249,0,0,0,0,0,0,0,0,0
2026-09-22T10:27:08.898662,80.3,92.7,55.9,250,0,1,1,0,0,0,0,0,0
2026-09-22T10:27:14.255562,28.9,91.8,55.9,249,0,1,0,0,0,0,0,0,0
2026-09-22T10:27:19.582127,17.4,92.2,55.9,249,0,0,0,0,0,0,0,0,0
2026-09-22T10:27:25.075089,17.4,92.2,55.9,249,0,0,0,0,0,0,0,0,0
2026-09-22T10:27:30.653131,19.1,92.3,55.9,248,0,1,0,0,0,0,0,0,0
2026-09-22T10:27:35.949943,18.9,91.8,55.9,247,0,1,0,0,0,0,0,0,0
2026-09-22T10:27:41.277127,28.7,92.2,55.9,248,1,0,0,0,0,0,0,0,0
2026-09-22T10:27:46.597313,11.7,92.3,55.9,248,0,0,0,0,0,0,0,0,0
2026-09-22T10:27:52.139974,11.7,92.3,55.9,248,0,0,0,0,0,0,0,0,0
2026-09-22T10:27:57.480357,29.1,92.3,55.9,248,1,1,1,0,0,0,0,0,0
2026-09-22T10:28:03.190476,95.7,93.0,55.9,251,1,0,0,0,0,0,0,0,0
2026-09-22T10:28:09.636086,95.7,93.0,55.9,251,0,0,2,0,0,0,0,0,0
2026-09-22T10:28:16.188121,100.0,93.1,55.9,256,3,1,0,0,0,0,0,0,0
2026-09-22T10:28:21.602147,52.1,92.5,55.9,254,0,3,0,0,0,0,0,0,0
2026-09-22T10:28:27.089973,55.8,93.0,55.9,255,1,0,0,0,0,0,0,0,0
2026-09-22T10:28:32.941354,75.6,92.9,55.9,257,1,0,0,0,0,0,0,0,0
2026-09-22T10:28:38.338585,75.6,92.9,55.9,257,2,2,2,0,0,0,0,0,0
2026-09-22T10:28:43.642428,17.1,92.4,55.9,260,1,0,0,0,0,0,0,0,0
2026-09-22T10:28:49.195357,33.2,89.2,55.9,259,0,1,0,0,0,0,0,0,0
2026-09-22T10:28:54.524494,12.1,89.3,55.9,257,0,2,0,0,0,0,0,0,0
2026-09-22T10:29:00.264518,12.1,89.3,55.9,257,0,0,0,0,0,0,0,0,0
2026-09-22T10:29:06.188662,63.2,90.0,55.9,256,0,2,0,0,0,0,0,0,0
2026-09-22T10:29:11.508723,39.8,91.3,55.9,257,0,0,0,0,0,0,0,0,0
2026-09-22T10:29:16.864875,8.2,91.5,55.9,257,1,1,0,0,0,0,0,0,0
2026-09-22T10:29:22.336532,67.9,90.8,55.9,257,0,0,0,0,0,0,0,0,0
2026-09-22T10:29:28.069845,67.9,90.8,55.9,257,0,0,0,0,0,0,0,0,0
2026-09-22T10:29:33.427438,5.5,91.3,55.9,257,1,1,0,0,0,0,0,0,0
2026-09-22T10:29:38.820966,13.6,90.9,55.9,256,0,1,0,0,0,0,0,0,0
2026-09-22T10:29:44.181297,13.6,90.9,55.9,256,0,0,0,0,0,0,0,0,0
2026-09-22T10:29:49.465172,45.0,91.3,55.9,256,0,0,0,0,0,0,0,0,0
2026-09-22T10:29:54.811285,13.3,91.2,55.9,255,0,1,0,0,0,0,0,0,0
2026-09-22T10:30:00.168490,41.9,91.3,55.9,255,0,0,0,0,0,0,0,0,0
2026-09-22T10:30:05.605241,16.7,92.3,55.9,256,2,1,0,0,0,0,0,0,0
2026-09-22T10:30:11.369706,16.7,92.3,55.9,256,0,0,0,0,0,0,0,0,0
2026-09-22T10:30:16.738374,54.4,85.5,55.9,256,1,1,0,0,0,0,0,0,0
2026-09-22T10:30:22.176295,40.2,86.3,55.9,253,0,3,0,0,0,0,0,0,0
2026-09-22T10:30:27.466112,29.2,86.2,55.9,253,0,0,0,0,0,0,0,0,0
2026-09-22T10:30:32.865502,30.2,84.6,55.9,253,0,0,0,0,0,0,0,0,0
2026-09-22T10:30:38.551791,30.2,84.6,55.9,253,1,1,0,0,0,0,0,0,0
2026-09-22T10:30:44.012999,15.2,84.9,55.9,250,0,3,0,0,0,0,0,0,0
2026-09-22T10:30:50.005135,45.0,86.2,55.9,252,0,0,0,0,0,0,0,0,0
2026-09-22T10:30:55.572835,26.6,87.0,55.9,251,0,0,0,0,0,0,0,0,0
2026-09-22T10:31:01.042865,26.6,87.0,55.9,251,0,2,0,0,0,0,0,0,0
2026-09-22T10:31:06.381755,44.0,88.9,55.9,252,0,1,0,0,0,0,0,0,0
2026-09-22T10:31:12.552793,26.3,89.4,55.9,253,0,0,0,0,0,0,0,0,0
2026-09-22T10:31:18.020570,100.0,91.3,55.9,252,0,0,0,0,0,0,0,0,0
2026-09-22T10:31:24.008457,100.0,91.3,55.9,252,0,1,0,0,0,0,0,0,0
2026-09-22T10:31:29.379713,100.0,91.3,55.9,252,0,0,0,0,0,0,0,0,0
2026-09-22T10:31:34.724372,52.3,90.9,55.9,254,2,1,0,0,0,0,0,0,0
2026-09-22T10:31:40.040096,42.9,91.3,55.9,253,0,1,0,0,0,0,0,0,0
2026-09-22T10:31:45.362933,20.5,91.5,55.9,252,0,0,0,0,0,0,0,0,0
2026-09-22T10:31:50.710160,20.5,91.5,55.9,252,0,1,0,0,0,0,0,0,0
2026-09-22T10:31:56.028545,20.0,90.9,55.9,252,0,0,0,0,0,0,0,0,0
2026-09-22T10:32:01.300115,33.1,88.6,55.9,252,0,0,0,0,0,0,0,0,0
2026-09-22T10:32:06.650159,19.8,89.3,55.9,252,0,1,0,0,0,0,0,0,0
2026-09-22T10:32:11.988886,23.7,90.0,55.9,250,0,0,0,0,0,0,0,0,0
2026-09-22T10:32:17.315278,23.7,90.0,55.9,250,0,2,0,0,0,0,0,0,0
2026-09-22T10:32:22.711427,20.7,89.7,55.9,250,0,0,0,0,0,0,0,0,0
2026-09-22T10:32:28.059111,12.9,90.1,55.9,250,0,0,0,0,0,0,0,0,0
2026-09-22T10:32:33.370340,18.2,90.0,55.9,250,1,1,0,0,0,0,0,0,0
2026-09-22T10:32:38.712889,20.2,90.3,55.9,250,0,0,0,0,0,0,0,0,0
2026-09-22T10:32:44.084780,20.2,90.3,55.9,250,0,0,0,0,0,0,0,0,0
2026-09-22T10:32:49.406582,31.6,90.7,55.9,250,0,0,0,0,0,0,0,0,0
2026-09-22T10:32:54.688997,8.9,90.9,55.9,250,0,0,0,0,0,0,0,0,0
2026-09-22T10:32:59.964076,29.6,90.9,55.9,250,0,0,0,0,0,0,0,0,0
2026-09-22T10:33:05.295167,29.6,90.9,55.9,250,0,0,0,0,0,0,0,0,0
2026-09-22T10:33:10.625178,21.5,90.7,55.9,250,1,1,0,0,0,0,0,0,0
2026-09-22T10:33:15.951512,26.6,90.9,55.9,249,0,1,0,0,0,0,0,0,0
2026-09-22T10:33:21.281712,20.5,91.3,55.9,249,0,0,0,0,0,0,0,0,0
2026-09-22T10:33:26.553382,26.6,90.6,55.9,249,0,0,0,0,0,0,0,0,0
2026-09-22T10:33:31.968780,26.6,90.6,55.9,249,0,0,0,0,0,0,0,0,0
2026-09-22T10:33:37.240379,45.7,89.8,55.9,249,0,1,0,0,0,0,0,0,0
2026-09-22T10:33:42.559073,24.2,90.0,55.9,249,0,0,0,0,0,0,0,0,0
2026-09-22T10:33:47.868200,13.6,89.9,55.9,249,0,0,0,0,0,0,0,0,0
2026-09-22T10:33:53.123114,13.3,90.0,55.9,249,0,0,0,0,0,0,0,0,0
2026-09-22T10:33:58.476906,13.3,90.0,55.9,249,0,0,0,0,0,0,0,0,0
2026-09-22T10:34:03.845031,32.0,90.1,55.9,249,0,0,0,0,0,0,0,0,0
2026-09-22T10:34:09.208206,17.5,90.1,55.9,249,0,1,0,0,0,0,0,0,0
2026-09-22T10:34:14.593822,21.5,89.9,55.9,248,0,1,0,0,0,0,0,0,0
2026-09-22T10:34:19.982201,6.2,89.9,55.9,246,0,2,0,0,0,0,0,0,0
2026-09-22T10:34:25.442428,6.2,89.9,55.9,246,0,0,0,0,0,0,0,0,0
2026-09-22T10:34:31.369239,8.1,90.1,55.9,246,0,0,0,0,0,0,0,0,0
2026-09-22T10:34:36.766552,79.2,90.4,55.9,246,1,1,0,0,0,0,0,0,0
2026-09-22T10:34:42.153198,8.5,90.4,55.9,246,0,0,0,0,0,0,0,0,0
2026-09-22T10:34:47.551578,28.6,90.2,55.9,246,0,0,0,0,0,0,0,0,0
2026-09-22T10:34:53.236372,24.2,91.5,55.9,250,3,0,0,0,0,0,0,0,0
2026-09-22T10:34:58.606063,24.2,91.5,55.9,250,0,0,0,0,0,0,0,0,0
2026-09-22T10:35:04.051260,15.6,86.6,55.9,250,1,3,0,0,0,0,0,0,0
2026-09-22T10:35:09.430434,42.8,86.4,55.9,246,0,4,0,0,0,0,0,0,0
2026-09-22T10:35:14.799975,12.4,81.8,55.9,246,0,0,0,0,0,0,0,0,0
2026-09-22T10:35:20.078501,12.4,81.8,55.9,246,0,0,0,0,0,0,0,0,0
2026-09-22T10:35:25.519730,12.5,81.9,55.9,246,0,0,0,0,0,0,0,0,0
2026-09-22T10:35:30.874518,30.9,83.6,55.9,246,0,0,0,0,0,0,0,0,0
2026-09-22T10:35:36.216263,7.4,83.3,55.9,246,0,1,0,0,0,0,0,0,0
2026-09-22T10:35:41.547322,31.2,83.3,55.9,246,0,0,0,0,0,0,0,0,0
2026-09-22T10:35:46.861183,31.2,83.3,55.9,246,0,0,0,0,0,0,0,0,0
2026-09-22T10:35:52.215268,12.4,83.6,55.9,246,0,0,0,0,0,0,0,0,0
2026-09-22T10:35:57.521067,38.4,83.6,55.9,246,0,0,0,0,0,0,0,0,0
2026-09-22T10:36:02.856886,17.4,83.6,55.9,246,1,1,0,0,0,0,0,0,0
2026-09-22T10:36:08.249979,17.4,83.6,55.9,246,0,0,0,0,0,0,0,0,0
2026-09-22T10:36:13.612795,30.7,83.7,55.9,245,0,1,0,0,0,0,0,0,0
2026-09-22T10:36:18.939138,14.1,84.5,55.9,246,1,0,0,0,0,0,0,0,0
2026-09-22T10:36:24.552634,64.9,86.4,55.9,252,3,0,0,0,0,0,0,0,0
2026-09-22T10:36:29.875612,8.9,86.3,55.9,249,0,3,0,0,0,0,0,0,0
2026-09-22T10:36:35.220035,8.9,86.3,55.9,249,0,0,0,0,0,0,0,0,0
2026-09-22T10:36:40.580803,29.6,85.5,55.9,245,1,5,0,0,0,0,0,0,0
2026-09-22T10:36:45.944413,40.5,87.2,55.9,245,0,0,0,0,0,0,0,0,0
2026-09-22T10:36:51.311305,70.2,87.3,55.9,245,0,0,0,0,0,0,0,0,0
2026-09-22T10:36:56.661411,15.1,88.2,55.9,245,0,0,0,0,0,0,0,0,0
2026-09-22T10:37:01.983051,15.1,88.2,55.9,245,0,0,0,0,0,0,0,0,0
2026-09-22T10:37:07.260624,21.0,87.1,55.9,245,0,1,0,0,0,0,0,0,0
2026-09-22T10:37:12.533004,25.4,87.1,55.9,245,0,0,0,0,0,0,0,0,0
2026-09-22T10:37:17.805540,5.1,87.0,55.9,245,0,0,0,0,0,0,0,0,0
2026-09-22T10:37:23.178482,65.6,87.4,55.9,245,0,0,0,0,0,0,0,0,0
2026-09-22T10:37:28.517688,65.6,87.4,55.9,245,0,0,0,0,0,0,0,0,0
2026-09-22T10:37:33.808589,16.3,88.0,55.9,245,0,0,0,0,0,0,0,0,0
2026-09-22T10:37:39.093771,19.8,88.5,55.9,245,0,1,0,0,0,0,0,0,0
2026-09-22T10:37:45.072557,21.5,87.6,55.9,245,0,0,0,0,0,0,0,0,0
2026-09-22T10:37:50.587845,19.8,88.2,55.9,245,0,0,0,0,0,0,0,0,0
2026-09-22T10:37:56.435576,19.8,88.2,55.9,245,0,0,0,0,0,0,0,0,0
2026-09-22T10:38:01.768801,50.4,89.0,55.9,245,0,0,0,0,0,0,0,0,0
2026-09-22T10:38:07.073872,31.2,88.9,55.9,249,2,1,0,0,0,0,0,0,0
2026-09-22T10:38:13.151833,5.5,89.9,55.9,246,1,5,0,0,0,0,0,0,0
2026-09-22T10:38:18.525171,52.5,87.2,55.9,244,0,2,0,0,0,0,0,0,0
2026-09-22T10:38:23.863855,40.1,89.0,55.9,244,0,0,0,0,0,0,0,0,0
2026-09-22T10:38:29.164230,40.1,89.0,55.9,244,0,0,0,0,0,0,0,0,0
2026-09-22T10:38:34.477359,16.7,88.4,55.9,244,0,0,0,0,0,0,0,0,0
2026-09-22T10:38:39.785206,28.3,88.5,55.9,243,0,2,0,0,0,0,0,0,0
2026-09-22T10:38:45.070801,4.3,88.6,55.9,243,0,0,0,0,0,0,0,0,0
2026-09-22T10:38:50.406128,4.3,88.6,55.9,243,0,0,0,0,0,0,0,0,0
2026-09-22T10:38:55.731588,31.4,88.7,55.9,243,0,0,0,0,0,0,0,0,0
2026-09-22T10:39:01.024916,4.7,88.6,55.9,243,0,0,0,0,0,0,0,0,0
2026-09-22T10:39:06.279829,28.1,88.3,55.9,243,0,1,0,0,0,0,0,0,0
2026-09-22T10:39:11.648681,3.5,88.8,55.9,243,0,0,0,0,0,0,0,0,0
2026-09-22T10:39:16.988673,3.5,88.8,55.9,243,0,0,0,0,0,0,0,0,0
2026-09-22T10:39:22.410600,30.7,88.5,55.9,243,0,0,0,0,0,0,0,0,0
2026-09-22T10:39:27.770807,7.8,89.6,55.9,243,0,0,0,0,0,0,0,0,0
2026-09-22T10:39:33.181748,36.8,89.3,55.9,242,0,1,0,0,0,0,0,0,0
2026-09-22T10:39:38.551011,7.1,89.1,55.9,243,0,0,0,0,0,0,0,0,0
2026-09-22T10:39:43.923641,7.1,89.1,55.9,243,1,0,0,0,0,0,0,0,0
2026-09-22T10:39:49.298196,25.8,89.0,55.9,243,0,0,0,0,0,0,0,0,0
2026-09-22T10:39:54.629744,4.7,89.2,55.9,244,1,0,0,0,0,0,0,0,0
2026-09-22T10:39:59.949103,52.3,88.9,55.9,244,0,0,0,0,0,0,0,0,0
2026-09-22T10:40:05.338363,52.3,88.9,55.9,244,0,0,0,0,0,0,0,0,0
2026-09-22T10:40:10.637971,18.9,89.3,55.9,244,0,1,0,0,0,0,0,0,0
2026-09-22T10:40:15.924006,29.1,82.2,55.9,244,0,0,0,0,0,0,0,0,0
2026-09-22T10:40:21.229797,10.5,85.1,55.9,244,0,0,0,0,0,0,0,0,0
2026-09-22T10:40:26.589181,23.6,85.5,55.9,244,0,0,0,0,0,0,0,0,0
2026-09-22T10:40:32.051058,23.6,85.5,55.9,244,0,0,0,0,0,0,0,0,0
2026-09-22T10:40:37.373409,18.1,84.9,55.9,244,0,0,0,0,0,0,0,0,0
2026-09-22T10:40:42.694537,33.2,85.8,55.9,244,0,1,0,0,0,0,0,0,0
2026-09-22T10:40:47.989744,5.1,86.1,55.9,244,0,0,0,0,0,0,0,0,0
2026-09-22T10:40:53.314771,46.3,86.2,55.9,244,0,0,0,0,0,0,0,0,0
2026-09-22T10:40:58.876339,46.3,86.2,55.9,244,0,0,0,0,0,0,0,0,0
2026-09-22T10:41:04.283392,18.9,86.8,55.9,244,0,0,0,0,0,0,0,0,0
2026-09-22T10:41:09.581606,34.9,87.3,55.9,245,2,1,0,0,0,0,0,0,0
2026-09-22T10:41:14.887039,5.1,86.1,55.9,244,0,1,0,0,0,0,0,0,0
2026-09-22T10:41:20.266124,36.8,85.2,55.9,244,0,0,0,0,0,0,0,0,0
2026-09-22T10:41:25.785821,36.8,85.2,55.9,244,0,0,0,0,0,0,0,0,0
2026-09-22T10:41:31.134980,35.0,87.1,55.9,245,0,0,0,0,0,0,0,0,0
2026-09-22T10:41:36.427653,64.5,89.2,55.9,246,2,1,0,0,0,0,0,0,0
2026-09-22T10:41:41.711957,31.9,89.1,55.9,246,0,0,0,0,0,0,0,0,0
2026-09-22T10:41:48.272526,31.9,89.1,55.9,246,0,0,0,0,0,0,0,0,0
2026-09-22T10:41:54.588925,75.8,90.6,55.9,246,0,0,0,0,0,0,0,0,0
2026-09-22T10:42:00.001736,92.5,90.2,56.0,247,3,2,0,0,0,0,0,0,0
2026-09-22T10:42:05.892601,70.1,89.7,56.0,245,0,2,0,0,0,0,0,0,0
2026-09-22T10:42:11.278839,19.1,91.0,56.0,245,0,0,0,0,0,0,0,0,0
2026-09-22T10:42:16.693027,24.2,91.2,56.0,245,0,0,0,0,0,0,0,0,0
2026-09-22T10:42:22.103404,24.2,91.2,56.0,245,0,0,0,0,0,0,0,0,0
